StockCode,index
21524,715
21955,1054
22365,1401
22366,1402
22660,1673
22687,1700
22688,1701
22689,1702
22690,1703
22691,1704
21523,714
48188,2141
20685,149
22692,1705
48187,2140
48185,2139
48111,2133
48138,2136
48173c,2137
20682,147
15056n,20
20679,145
15056p,21
15056bl,19
adjust,3054
test001,3060
21741,890
20966,295
51014a,2148
84558a,2453
22697,1710
22534,1553
22530,1549
22423,1449
22422,1448
22418,1444
20712,166
20716,169
20719,172
22331,1368
21976,1060
20985,314
21144,423
21372,596
21578,754
21579,755
84625d,2495
21739,888
22245,1284
22244,1283
22196,1246
22045,1099
84625c,2494
47599a,2131
47594a,2127
22698,1711
51014c,2149
51014l,2150
72819,2249
47559b,2099
35471d,1950
22709,1722
22699,1712
84625a,2492
84991,2709
84992,2710
post,3059
21787,924
21498,702
22379,1411
22353,1389
22350,1387
22136,1189
22131,1184
22080,1134
22072,1126
22064,1118
22059,1113
22052,1106
22048,1102
21947,1051
21874,989
21843,971
21700,853
21588,762
21537,726
21535,724
21533,722
21531,720
22414,1440
22441,1467
22442,1468
22557,1574
84050,2350
84078a,2353
16156s,42
48189,2142
21086,381
48184,2138
48129,2135
47502,2083
37330,2008
22558,1575
22554,1571
22553,1570
22487,1509
22555,1572
21218,482
21231,491
21232,492
21361,590
82484,2306
20747,187
20914,278
21121,405
21166,440
82583,2318
21175,447
22668,1681
85152,2871
72140f,2184
84535b,2448
47580,2112
47570b,2107
47567b,2104
22635,1651
22634,1650
22956,1910
35598b,1952
37447,2022
37450,2025
37500,2041
37501,2042
22071,1125
47556b,2098
22417,1443
22551,1569
22613,1629
22645,1661
22851,1846
22951,1906
22949,1904
22938,1893
22712,1725
22708,1721
22364,1400
22416,1442
47599b,2132
22029,1083
15060b,25
16161p,45
21135,419
21211,475
21213,477
21506,707
21972,1056
21974,1058
84987,2704
21975,1059
21497,701
22381,1413
21509,710
22407,1433
22406,1432
22405,1431
22399,1427
22396,1425
22398,1426
22400,1428
22402,1429
22377,1409
22403,1430
22378,1410
22631,1647
22817,1819
22815,1817
21508,709
21507,708
22781,1788
22376,1408
22375,1407
22374,1406
22372,1405
22371,1404
21519,712
22409,1435
21556,744
22632,1648
22633,1649
22629,1645
22109,1163
22107,1161
22037,1091
22030,1084
22028,1082
22027,1081
22471,1494
22467,1490
22444,1470
22443,1469
22026,1080
22025,1079
22410,1436
22333,1370
22024,1078
22408,1434
21877,992
21871,986
22352,1388
22329,1366
22666,1679
20963,294
20961,293
21258,512
22242,1281
22243,1282
22311,1348
10002,0
22667,1680
22665,1678
22328,1365
22113,1167
21452,663
21479,688
21481,690
21484,692
21485,693
21488,695
22649,1664
22659,1672
85014b,2721
85014a,2720
21068,370
21069,371
21070,372
21071,373
22327,1364
22326,1363
22318,1355
22314,1351
22313,1350
22312,1349
22644,1660
84884a,2629
22646,1662
22834,1831
22835,1832
22730,1738
22729,1737
22728,1736
22727,1735
22726,1734
22725,1733
22719,1732
22718,1731
22112,1166
22717,1730
22716,1729
22714,1727
22693,1706
22630,1646
22110,1164
22890,1856
22892,1858
22983,1927
22192,1242
22193,1243
37370,2012
48194,2143
22866,1854
72741,2200
84029e,2342
84029g,2343
84031a,2345
84031b,2346
84032a,2347
84032b,2348
84212,2358
22867,1855
22865,1853
22841,1837
22111,1165
22837,1833
22191,1241
22839,1835
22840,1836
22838,1834
22842,1838
22843,1839
22844,1840
22845,1841
22114,1168
85215,2942
20857,251
20654,124
85216,2943
85217,2944
21637,796
20863,254
20856,250
20855,249
20778,218
20777,217
22411,1437
20776,216
20659,128
20657,126
20655,125
22067,1121
22061,1115
21482,691
37448,2023
37449,2024
37503,2044
48116,2134
85014d,2723
22172,1222
22430,1456
21527,716
82551,2310
22624,1640
22451,1477
35004c,1935
22429,1455
22626,1642
22427,1453
22625,1641
82605,2324
35001g,1932
21864,979
22428,1454
22425,1451
22424,1450
22426,1452
21931,1039
22359,1395
22485,1507
22476,1499
22483,1506
22505,1526
22507,1527
22508,1528
22568,1585
22453,1479
22450,1476
22447,1473
22495,1516
21754,900
21770,913
22212,1260
22073,1127
22348,1385
22357,1393
22413,1439
22497,1518
22358,1394
22500,1521
85099b,2816
84849b,2606
22047,1101
84520b,2436
84520d,2437
22051,1105
22222,1269
85114c,2830
82552,2311
84509b,2426
84926c,2654
85053,2783
85055,2785
85150,2870
20750,190
21181,449
21300,545
21462,672
21752,899
72760b,2211
21136,420
22215,1262
22084,1138
21155,429
20818,234
20819,235
21164,438
22218,1265
21134,418
85232b,2961
21080,377
22809,1811
22738,1746
20977,306
22810,1812
22751,1759
20978,307
20979,308
21986,1068
22736,1744
22715,1728
21094,387
21982,1064
21124,408
21122,406
22332,1369
22893,1859
22819,1821
22940,1895
22750,1758
22749,1757
90098,2984
22273,1311
22271,1309
22042,1096
22274,1312
22334,1371
22434,1460
84247l,2368
17107d,95
84247g,2365
22614,1630
22564,1581
21058,360
21060,362
16033,33
22492,1513
21989,1071
22556,1573
22562,1579
22272,1310
22247,1286
84455,2404
20725,175
22383,1415
21936,1044
20728,178
21559,747
21561,748
22531,1550
22588,1605
22609,1625
22706,1719
22707,1720
62094b,2154
22742,1750
47594b,2128
71270,2165
84879,2625
85226a,2948
22445,1471
21499,703
21432,650
21212,476
21156,430
21062,364
21056,359
21055,358
21042,354
20975,304
22382,1414
20726,176
20703,161
20702,160
20665,134
11001,10
10123c,2
21503,705
20973,302
22367,1403
22320,1357
22317,1354
21672,829
21671,828
21935,1043
21883,998
21880,995
21879,994
21731,880
21673,830
21670,827
22254,1293
22255,1294
22264,1302
21717,867
22253,1292
22232,1277
22062,1116
21348,578
22056,1110
22066,1120
22137,1190
22070,1124
22060,1114
22055,1109
22054,1108
21292,540
21110,398
20960,292
21291,539
21107,395
21216,480
21288,537
20780,219
20781,220
20782,221
20783,222
84279b,2376
84279p,2377
47421,2077
47481,2082
85197,2925
84597c,2481
84597b,2480
21153,427
21077,375
20724,174
20718,171
21241,496
21238,493
85099c,2817
22617,1633
21217,481
22138,1191
22519,1539
20676,143
22520,1540
20675,142
20677,144
22521,1541
21242,497
84997d,2716
21243,498
21244,499
21914,1025
21915,1026
21240,495
22384,1416
22524,1544
22525,1545
22559,1576
84828,2593
84997b,2714
84997c,2715
22385,1417
22386,1418
22431,1457
22432,1458
22518,1538
21239,494
21394,617
21577,753
79000,2257
21716,866
21967,1055
21917,1028
21715,865
15044a,15
20666,135
15044c,17
15044b,16
21888,1000
22134,1187
22303,1340
22302,1339
21137,421
22174,1224
22347,1384
82600,2323
84596g,2476
22195,1245
22181,1231
21913,1024
21912,1023
84692,2531
84596j,2477
22132,1185
22133,1186
20983,312
20674,141
21246,501
22354,1390
21284,533
21746,895
21680,836
21431,649
21430,648
21429,647
21428,646
21426,644
21980,1062
21981,1063
22472,1495
22473,1496
22276,1314
22628,1644
22615,1631
20681,146
84997a,2713
22362,1398
22361,1397
22503,1524
22363,1399
22360,1396
22454,1480
22504,1525
22380,1412
22356,1392
21424,642
21937,1045
22088,1142
22090,1144
22275,1313
22278,1316
22355,1391
20713,167
20723,173
21210,474
85099f,2818
21285,534
21286,535
22094,1148
21749,897
22325,1362
84509a,2425
21039,351
22902,1867
22847,1843
22846,1842
22663,1676
22661,1674
20711,165
22179,1229
22199,1249
22203,1253
22433,1459
22468,1491
21889,1001
21563,750
21576,752
22201,1251
22145,1197
35832,1972
22612,1628
84978,2696
71459,2169
47590a,2117
22204,1254
22308,1345
22309,1346
22340,1377
47590b,2118
22089,1143
21625,784
21652,810
22086,1140
21123,407
21268,519
22622,1638
84674,2516
22623,1639
22231,1276
16169k,51
22233,1278
21791,928
21890,1002
82482,2304
22522,1542
84792,2564
85049h,2782
85049f,2780
85049d,2778
85049c,2777
85049b,2776
22523,1543
22561,1578
72728,2198
22509,1529
22449,1475
22346,1383
22345,1382
22344,1381
22343,1380
22296,1334
22295,1333
22170,1220
22169,1219
21769,912
21763,908
22549,1567
20799,228
21658,816
84750a,2545
79067,2264
22202,1252
46000s,2061
46000r,2060
46000m,2058
22496,1517
22415,1441
10134,7
21790,927
21667,824
22200,1250
21467,677
22261,1299
22262,1300
46000u,2062
20803,231
84893,2630
84562a,2457
20727,177
22175,1225
20704,162
22176,1226
22319,1356
22535,1554
21251,506
21623,782
22537,1556
22740,1748
21833,965
21249,504
22650,1665
22149,1201
22139,1192
22565,1582
22587,1604
22566,1583
21977,1061
85232a,2960
20969,298
20970,299
20971,300
20981,310
20982,311
22570,1587
22586,1603
21125,409
21564,751
21638,797
21644,803
21645,804
20972,301
85098b,2815
22540,1559
22543,1561
22533,1552
22544,1562
84380,2393
15034,12
21085,380
21091,385
22664,1677
21928,1036
21929,1037
21541,730
21542,731
21647,805
21558,746
21282,531
21283,532
70007,2159
22752,1760
22440,1466
22435,1461
84375,2391
22349,1386
21842,970
70006,2158
85038,2763
79072,2266
20734,183
20738,186
22899,1865
44234,2056
79190a,2273
79190b,2274
79191b,2276
22897,1863
20717,170
20751,191
22894,1860
22754,1762
22753,1761
22755,1763
22757,1765
22539,1558
22618,1634
21706,857
21710,861
21708,859
21707,858
84510a,2430
21619,778
84988,2705
84968e,2684
21589,763
21592,766
21078,376
21655,813
21127,411
21186,451
21614,773
21711,862
21789,926
21788,925
22437,1463
22627,1643
22637,1653
40016,2050
40018f,2052
47566,2102
82011b,2300
82581,2316
21973,1057
85123a,2837
21473,683
21474,684
21476,685
22039,1093
22214,1261
85067,2794
21677,833
15058a,22
15058b,23
22198,1248
22489,1511
22550,1568
21584,759
16219,63
21703,854
21785,922
22607,1623
22083,1137
21918,1029
17003,76
20974,303
85227,2950
21829,962
22421,1447
21491,697
22818,1820
22651,1666
22909,1874
22950,1905
22952,1907
22959,1911
22735,1743
85016,2725
22082,1136
22620,1636
85015,2724
21661,818
21868,983
21115,402
16169n,53
84313a,2381
84313b,2382
22616,1632
22077,1131
22046,1100
22035,1089
21898,1010
21897,1009
21894,1006
22711,1724
22710,1723
22636,1652
22493,1514
22115,1169
22099,1153
85027l,2741
82095,2303
22800,1803
22702,1715
21260,514
21407,627
85018d,2729
22316,1353
21987,1069
21327,564
35599b,1954
71406c,2168
21988,1070
85049e,2779
20749,189
21441,655
22076,1130
22221,1268
22223,1270
22236,1279
22641,1657
35241,1946
85064,2791
21351,581
22577,1594
22593,1609
22600,1616
45008c,2057
22063,1117
21016,337
85068,2795
21130,414
84937,2668
84968f,2685
84856l,2610
21906,1018
22038,1092
22040,1094
22050,1104
79030g,2262
85163a,2878
85176,2899
22260,1298
85117,2832
85093,2811
85008,2719
84762a,2553
84533b,2445
82613d,2331
22282,1320
21084,379
21090,384
22304,1341
37474,2029
22263,1301
21076,374
21844,972
22323,1360
85063,2790
21755,901
22224,1271
21622,781
21765,910
84016,2339
22220,1267
84033,2349
84755,2550
22456,1481
21875,990
21067,369
21040,352
22023,1077
22033,1087
22091,1145
79066k,2263
21810,943
21326,563
21354,583
21356,585
35607a,1958
21819,952
22654,1669
22127,1180
22128,1181
82578,2314
84970l,2687
84970s,2688
21391,614
21811,944
22591,1607
90200c,3030
90200b,3029
90200a,3028
84912a,2640
21992,1074
21993,1075
22158,1210
22161,1211
21846,974
22162,1212
22306,1343
22595,1611
22597,1613
22768,1775
22855,1850
84347,2386
90200d,3031
21933,1041
21932,1040
72529w,2193
22188,1238
22189,1239
22277,1315
22580,1597
22589,1606
84819,2587
35969,1999
84568,2460
21381,605
21330,567
21942,1046
21557,745
21945,1049
20731,181
20729,179
20730,180
84986b,2703
84985a,2701
22129,1182
21214,478
21215,479
21126,410
84854,2608
84789,2562
72800f,2228
84950,2675
72799f,2222
22419,1445
22459,1484
37495,2040
22151,1203
47504k,2095
22152,1204
72799e,2221
72800e,2227
21615,774
21547,735
21832,964
85169a,2887
85049g,2781
21872,987
22034,1088
22123,1177
22117,1171
22322,1359
21580,756
21064,366
22301,1338
71403,2167
84012,2338
21528,717
21534,723
22321,1358
22300,1337
21392,615
21399,622
21398,621
21397,620
21396,619
84670,2512
21393,616
22256,1295
22678,1691
22681,1694
22585,1602
22674,1687
22676,1689
22677,1690
22680,1693
22679,1692
22682,1695
22685,1698
22684,1697
22683,1696
22619,1635
35809a,1967
82582,2317
22606,1622
22211,1259
21165,439
22785,1791
22786,1792
22941,1896
22942,1897
21555,743
21745,894
22469,1492
22494,1515
16161u,46
79320,2281
85164b,2880
21444,658
85086a,2804
85184d,2909
85184c,2908
84843,2600
21157,431
84815,2584
79191c,2277
20661,130
17108d,96
22098,1152
35001w,1933
35809b,1968
35810b,1970
35961,1991
22567,1584
22547,1565
22814,1816
22961,1913
22966,1918
22963,1915
22962,1914
21786,923
21870,985
21873,988
21983,1065
21984,1066
22092,1146
22095,1149
21520,713
21733,882
22315,1352
22197,1247
22652,1667
21169,442
21179,448
21154,428
22560,1577
82599,2322
22097,1151
22100,1154
84378,2392
21891,1003
21903,1015
21892,1004
47480,2081
84077,2352
84945,2670
21318,556
21319,557
21320,558
21504,706
21518,711
17013d,79
22194,1244
85124a,2838
21219,483
85124c,2840
85132b,2856
85132c,2857
85178,2901
22452,1478
22439,1465
21826,959
16012,28
22745,1753
22746,1754
22759,1767
21209,473
22464,1487
21198,462
21208,472
21195,460
22583,1600
22584,1601
85131a,2851
85131d,2854
22079,1133
22078,1132
22582,1599
21206,470
21207,471
16238,68
85132a,2855
47593a,2125
16237,67
21718,868
47505,2096
84536b,2450
21203,467
21095,388
10120,1
22230,1275
84932d,2666
22148,1200
40018e,2051
21092,386
21096,389
21099,391
84932a,2663
84932b,2664
21082,378
20984,313
21059,361
21088,382
21544,733
22021,1076
21224,488
84932c,2665
21061,363
21222,486
21221,485
85206b,2936
85097b,2814
21223,487
21648,806
20865,256
47593b,2126
84836,2595
21333,570
20976,305
85089,2807
84535a,2447
84671b,2513
40046a,2053
20696,156
18096c,112
82483,2305
84580,2467
84620,2489
84773,2559
85129c,2846
21054,357
21390,613
21278,527
21269,520
21259,513
72807b,2240
20753,193
20754,194
20931,279
21402,625
21414,633
72756,2210
21051,356
22178,1228
21841,969
21837,967
21756,902
21245,500
72807c,2241
79321,2282
21990,1072
22908,1873
21108,396
15039,14
22662,1675
22669,1682
35015,1939
35400,1948
82613b,2329
84341b,2385
84676,2518
21495,700
21205,469
21562,749
21679,835
21881,996
21882,997
47504h,2094
85177,2900
84356,2388
22548,1566
16236,66
21380,604
22903,1868
22670,1683
22341,1378
22904,1869
47566b,2103
47568,2105
82494l,2308
84691,2530
21188,453
21190,455
21340,575
84946,2671
21730,879
21736,885
21764,909
21768,911
21780,919
21836,966
21908,1020
21911,1022
22096,1150
21274,523
21171,443
21185,450
21257,511
21272,522
21276,525
21411,630
21303,546
21323,561
21324,562
22171,1221
85121b,2835
85065,2792
84949,2674
84948,2673
84919,2646
84918,2645
84910a,2639
84907,2637
84880,2626
84818,2586
84689,2528
84688,2527
84686,2525
85121c,2836
48195,2144
84685,2524
82580,2315
84406b,2398
84657,2501
84658,2502
84684,2523
10133,6
20998,325
20840,243
85071a,2796
35609a,1959
22436,1462
22704,1717
22621,1637
22563,1580
10125,5
21204,468
21202,466
22536,1555
84247n,2369
21675,831
85221,2945
47471,2080
21395,618
21439,653
22180,1230
35970,2000
85017a,2726
85017c,2728
85017b,2727
22741,1749
22747,1755
22748,1756
22812,1814
22813,1815
22907,1872
22969,1920
22964,1916
22923,1888
22913,1878
22820,1822
22968,1919
22457,1482
22806,1809
22821,1823
22744,1752
22733,1741
22739,1747
22734,1742
22945,1900
22816,1818
22731,1739
22743,1751
22601,1617
22466,1489
22150,1202
22478,1501
22491,1512
22526,1546
22477,1500
21944,1048
22135,1188
35922,1981
22252,1291
84464,2411
21027,342
16169f,50
22767,1774
20957,291
22168,1218
21802,935
21803,936
22578,1595
22571,1588
22572,1589
22573,1590
22574,1591
22576,1593
22603,1619
22737,1745
85199l,2927
22579,1596
21801,934
21668,825
21669,826
22895,1861
22898,1864
20684,148
21539,728
22448,1474
47591a,2119
21704,855
21328,565
22705,1718
47591b,2120
22516,1536
22515,1535
22517,1537
85136a,2861
85231l,2959
21709,860
85231b,2956
85231e,2957
22075,1129
22219,1266
22044,1098
85199s,2928
16169c,49
16169p,54
84247c,2363
84247k,2367
85049a,2775
20967,296
47422,2078
85232d,2962
22324,1361
21830,963
21705,856
21026,341
21025,340
22068,1122
22502,1523
22501,1522
84715,2539
71053,2161
22801,1804
84832,2594
22798,1801
21041,353
22764,1771
21035,349
21358,587
22799,1802
22849,1845
22788,1793
22043,1097
22910,1875
84947,2672
22766,1773
21191,456
21494,699
22465,1488
21247,502
21653,811
22700,1713
21270,521
21355,584
22390,1420
20886,263
21827,960
21662,819
21612,771
21845,973
21500,704
21609,768
21611,770
20658,127
22480,1503
22482,1505
84913a,2642
84839,2597
48197,2145
84247e,2364
35964,1994
35637a,1962
35598d,1953
35833g,1973
44230,2055
84968d,2683
84968c,2682
84968b,2681
84968a,2680
20829,238
82486,2307
20866,257
20794,226
20772,212
20771,211
20767,207
47367b,2075
21721,871
22511,1531
22446,1472
85129a,2844
21461,671
21281,530
21471,681
22279,1317
84536a,2449
21100,392
79190d,2275
22794,1797
21114,401
20868,259
20867,258
84912b,2641
85087,2805
35951,1986
21651,809
21000,326
21001,327
21002,328
21943,1047
22081,1135
16169m,52
22336,1373
15036,13
21201,465
21720,870
21930,1038
22305,1342
22146,1198
22779,1786
84870b,2617
84870c,2618
85113,2827
47589,2116
35924,1983
21463,673
21464,674
35471a,1949
22087,1141
21713,863
21063,365
21427,645
22259,1297
22246,1285
22258,1296
35915b,1978
22270,1308
35921,1980
37464,2027
22036,1090
21438,652
21486,694
16239,69
90167,3009
85186c,2915
85196,2924
85205b,2934
20618,118
20828,237
85206a,2935
72484,2191
84532b,2444
37502,2043
85186a,2914
75013b,2251
77101a,2256
37482p,2032
22900,1866
22807,1810
21946,1050
21985,1067
21017,338
22498,1519
84563b,2459
84563a,2458
21610,769
20952,289
84934,2667
85175,2898
20758,198
20759,199
20755,195
20770,210
20769,209
20768,208
21445,659
21446,660
21447,661
22479,1502
84927a,2656
21415,634
21416,635
21529,718
85007,2718
22031,1085
22946,1901
22294,1332
21693,848
21688,843
21098,390
22474,1497
79029,2259
84849d,2607
16008,26
18007,110
20764,204
21775,916
84675,2517
79323w,2289
79323p,2287
79323b,2283
21007,330
21743,892
21744,893
84625b,2493
22227,1272
22187,1237
22186,1236
22184,1234
22575,1592
22163,1213
22513,1533
22512,1532
22592,1608
22596,1612
21808,941
21809,942
21812,945
21813,946
21815,948
21818,951
22673,1686
22672,1685
22488,1510
21907,1019
22103,1157
22118,1172
22460,1485
21910,1021
22154,1206
21820,953
21823,956
21824,957
21825,958
20903,274
21116,403
21131,415
21132,416
21162,436
21313,552
21314,553
21331,568
84584,2469
85034b,2755
85204,2932
85203,2931
85180b,2905
85096,2813
85071b,2797
85054,2784
85030,2744
20671,139
84929,2660
84924a,2648
84760s,2551
84663a,2508
84660c,2505
84660b,2504
84596b,2473
84595e,2472
20668,136
21408,628
35095b,1941
35095a,1940
22944,1899
22863,1852
22862,1851
21681,837
21682,838
21683,839
21684,840
21737,886
21410,629
21332,569
71101e,2162
47574a,2108
37467,2028
35923,1982
21344,577
21385,609
35600d,1956
22130,1183
22310,1347
22284,1322
22470,1493
22986,1930
22156,1208
22269,1307
84971s,2690
21341,576
22458,1483
22605,1621
22093,1147
22265,1303
22285,1323
22291,1329
84791,2563
20997,324
22249,1288
21255,509
22293,1331
22292,1330
21806,939
37340,2010
21949,1053
16168m,48
21265,518
72351b,2190
84989a,2706
72351a,2189
21011,333
22155,1207
22581,1598
85032a,2748
85032b,2749
21896,1008
21329,566
85059,2786
85169c,2889
85169d,2890
85014c,2722
22330,1367
22177,1227
21784,921
22032,1086
47570,2106
21299,544
21659,817
21664,821
21692,847
21696,851
21738,887
20660,129
20662,131
20663,132
21466,676
22120,1174
84352,2387
21821,954
21412,631
47503j,2089
16156l,40
21172,444
85019b,2731
85019c,2732
22147,1199
15044d,18
21548,736
21549,737
22185,1235
22297,1335
20692,152
85174,2897
85042,2770
85141,2864
85142,2865
85028s,2743
84993a,2711
84989b,2707
84993b,2712
85092,2810
84985b,2702
22085,1139
22610,1626
21774,915
84678,2519
21633,792
21632,791
22122,1176
20669,137
20615,115
20652,122
20622,121
84927f,2659
84944,2669
85114a,2828
72586,2194
35833p,1974
35004b,1934
22914,1879
22758,1766
79163,2271
20932,280
84801b,2576
21146,425
21143,422
21689,844
84809a,2582
20893,267
21581,757
16014,29
16016,31
22686,1699
21626,785
22611,1627
21899,1011
21248,503
21866,981
21650,808
16259,74
20832,241
20992,320
21034,348
21163,437
21161,435
21900,1012
21828,961
47503a,2084
85061w,2788
22906,1871
22529,1548
21719,869
21724,874
21726,876
85183b,2907
85183a,2906
21934,1042
22125,1179
22438,1464
21902,1014
22528,1547
21922,1030
21924,1032
84795d,2568
21923,1031
16218,62
47592a,2123
22796,1799
22765,1772
84840,2598
84913b,2643
47591d,2122
21781,920
21777,917
82607c,2326
21010,332
16207a,59
20686,150
35645,1963
47503e,2085
72818,2248
22065,1119
22307,1344
21349,579
85226c,2949
22546,1564
22545,1563
22069,1123
21111,399
21109,397
22532,1551
21226,489
71477,2170
20871,261
21275,524
21618,777
22939,1894
84847,2604
22283,1321
84598,2482
84569c,2463
21033,347
21440,654
35953,1987
22947,1902
22643,1659
20897,270
20898,271
22642,1658
22640,1656
22639,1655
22638,1654
84683,2522
21656,814
21197,461
22732,1740
22891,1857
82616c,2335
22653,1668
84899f,2633
51008,2146
84006,2336
84086c,2355
84899e,2632
22569,1586
84461,2410
84218,2359
84905,2636
84592,2470
84797b,2572
84797a,2571
10135,8
85031b,2746
85031a,2745
85006,2717
22389,1419
22391,1421
22393,1422
21357,586
22124,1178
22108,1162
22116,1170
22896,1862
22955,1909
85212,2939
85213,2940
21442,656
22251,1290
20653,123
84531b,2443
84219,2360
85200,2929
84429a,2400
35599d,1955
84661b,2507
84661a,2506
84859a,2613
35811a,1971
35810a,1969
85162b,2876
85162c,2877
85162a,2875
21117,404
46118,2064
85119,2834
22229,1274
22228,1273
22475,1498
20619,119
47585a,2114
47586a,2115
84467,2414
84469,2415
84909a,2638
20990,318
81950b,2297
21723,873
22953,1908
21725,875
84826,2591
21383,607
84437a,2401
22141,1193
84569b,2462
84507c,2421
20672,140
84534b,2446
84709b,2537
22420,1446
85090,2808
84509g,2429
46126a,2065
21722,872
37333,2009
84522,2438
21374,598
20798,227
20689,151
16161g,43
82613a,2328
47579,2111
84510b,2431
22058,1112
21884,999
20752,192
85163b,2879
84845d,2602
37446,2021
22106,1160
72789,2215
21545,734
84856s,2611
22538,1557
c2,3056
20617,117
21865,980
22984,1928
21905,1017
21200,464
21189,454
82567,2313
22041,1095
85169b,2888
22756,1764
79030a,2260
84405a,2397
85160a,2872
22287,1325
20941,286
84509c,2427
46775d,2066
22943,1898
21493,698
22974,1923
62095b,2155
37492a,2035
21586,760
21621,780
22499,1520
84619,2488
84529c,2441
21640,799
16256b,70
20864,255
84030e,2344
22049,1103
22173,1223
22074,1128
22207,1255
21307,549
84270,2375
84969,2686
22602,1618
21916,1027
22299,1336
85040b,2768
17091a,91
21220,484
21690,845
16052,39
22926,1891
84199,2357
84581,2468
72750b,2202
85062,2789
22514,1534
21714,864
17109d,100
21401,624
84466,2413
84821,2589
84820,2588
20943,287
22395,1424
84509f,2428
21089,383
16048,37
85173,2896
85222,2946
22281,1319
84984a,2697
84984d,2700
84984c,2699
84984b,2698
21747,896
21750,898
20940,285
22671,1684
22675,1688
72807a,2239
72815,2245
21400,623
85035b,2758
84706d,2532
72008,2171
22541,1560
72800c,2225
72800d,2226
72800a,2223
21628,787
21627,786
85170c,2893
22210,1258
37485,2034
22280,1318
21004,329
21530,719
22165,1215
22182,1232
84817,2585
85020,2733
79071b,2265
22183,1233
47504e,2091
21403,626
21478,687
47591c,2121
84531a,2442
20986,315
22143,1195
22335,1372
22338,1375
22694,1707
85130a,2848
21350,580
21421,640
21422,641
85031c,2747
84782c,2561
21878,993
84762b,2554
22121,1175
22119,1173
21540,729
21532,721
21538,727
21901,1013
85124b,2839
21624,783
84763,2556
21552,740
21338,573
21551,739
21550,738
21339,574
35004s,1938
85033s,2753
22988,1931
85208,2937
22703,1716
85214,2941
85118,2833
35968,1998
72127,2175
72128,2176
72130,2178
72131,2179
72132,2180
72802b,2235
85035a,2757
85127,2843
21367,595
20748,188
20839,242
22101,1155
21817,950
22144,1196
22965,1917
84795b,2566
22208,1256
20773,213
22927,1892
22905,1870
84707b,2534
22832,1830
20774,214
20757,197
21167,441
21657,815
21807,940
22831,1829
20765,205
35954,1988
85179a,2902
35958,1990
62018,2153
84827,2592
20980,309
22190,1240
85167b,2884
84874b,2619
16011,27
84952c,2678
84952b,2677
20894,268
21413,632
21635,794
22854,1849
37343,2011
85161,2874
21587,761
21591,765
22142,1194
85144,2866
72817,2247
22777,1784
22778,1785
47013c,2071
47013a,2070
20761,201
21804,937
21613,772
17164b,104
20762,202
84596e,2474
22599,1615
22598,1614
22209,1257
84559b,2455
21250,505
85106,2821
47469,2079
37476,2031
21293,541
21306,548
21867,982
20766,206
22157,1209
22695,1708
22696,1709
22811,1813
84754,2549
35991,2007
16225,64
37424,2016
21642,801
21849,976
85035c,2759
84596f,2475
84596k,2478
84596l,2479
84744,2542
85036a,2760
85036b,2761
85084,2803
84569d,2464
18097c,113
20775,215
10123g,3
16020c,32
16235,65
35967,1997
47021g,2072
62096b,2157
75049l,2252
20996,323
21590,764
82616b,2334
21253,508
84876d,2623
84795c,2567
85047,2773
84800m,2575
72232,2186
35966,1996
35594,1951
35931,1984
22776,1783
22852,1847
72814,2244
90120d,2989
72793,2216
84559a,2454
37461,2026
84559d,2456
85024c,2737
85025c,2739
21794,931
17033,81
21106,394
16212,60
22770,1777
22289,1327
16047,36
16046,35
90093,2983
90085,2979
20950,288
72816,2246
84659a,2503
22911,1876
21009,331
51020b,2152
84990,2708
21876,991
21631,790
22153,1205
16258a,72
21018,339
84519b,2435
84519a,2434
21490,696
72122,2174
37509,2047
22647,1663
21926,1034
47503h,2088
85135a,2858
20854,248
18098c,114
90200e,3032
90146,2998
90032,2970
47574b,2109
47343a,2074
35649,1965
35647,1964
84916,2644
84924d,2649
84925d,2651
84975,2693
85034c,2756
85040a,2767
85109,2823
72799c,2219
72799d,2220
79160,2269
82597,2321
82607a,2325
84708b,2535
37441,2017
79164,2272
75131,2253
84526,2439
90129a,2993
90088,2981
90090,2982
21279,528
21133,417
17181,109
84306,2380
84292,2379
90057,2972
22481,1504
22102,1156
90214r,3051
22167,1217
21593,767
21364,592
84472,2416
46000p,2059
21359,588
22241,1280
22286,1324
22288,1326
21193,458
21194,459
84456,2405
85198,2926
72140e,2183
21458,668
21437,651
21038,350
21470,680
21469,679
37508,2046
85060,2787
21850,977
51012c,2147
18094c,111
85231g,2958
22290,1328
84227,2361
35160,1944
84802a,2577
79323gr,2285
17165b,106
21869,984
16156n,41
21335,571
21641,800
21643,802
90185c,3018
84931b,2662
90002a,2963
90087,2980
84508a,2422
84508b,2423
21174,446
84081,2354
22053,1107
20698,158
85189,2919
85188a,2917
84837,2596
16216,61
20993,321
37410,2013
16202e,57
16202a,55
35838a,1975
35838b,1976
84255b,2374
85036c,2762
20869,260
21851,978
79323lp,2286
21112,400
21287,536
21740,889
16161m,44
22848,1844
22830,1828
22780,1787
22760,1768
22763,1770
22769,1776
21192,457
22762,1769
84569a,2461
20862,253
82081,2302
47504g,2093
84051,2351
85078,2800
21199,463
85202,2930
20901,273
84796b,2570
84796a,2569
85032d,2751
35962,1992
22594,1610
21043,355
22804,1807
84576,2465
21927,1035
22057,1111
85028l,2742
84849a,2605
37494a,2039
20699,159
22342,1379
20846,244
84761,2552
21028,343
85032c,2750
20705,163
82616a,2333
82615,2332
85185b,2910
85185d,2912
22248,1287
84951a,2676
84459a,2408
21735,884
21456,666
21457,667
84459b,2409
84510c,2432
84902,2635
20913,277
85048,2774
85066,2793
84327a,2384
21839,968
84578,2466
84920,2647
84931a,2661
79323s,2288
21761,907
21480,689
84855,2609
22771,1778
15058c,24
22922,1887
85025b,2738
21460,670
21459,669
21805,938
35610b,1960
35957,1989
bank,3055
charges,3057
84595b,2471
47552a,2097
21352,582
85136c,2863
85135b,2859
20935,283
85129d,2847
21742,891
21384,608
21536,725
22266,1304
22268,1306
22412,1438
22250,1289
84971l,2689
21904,1016
85107,2822
85104,2820
85103,2819
22164,1214
21252,507
22339,1376
21389,612
22827,1826
21687,842
21363,591
21691,846
20760,200
22985,1929
17021,80
85187,2916
22217,1264
72802a,2234
72802c,2236
79144c,2268
84766,2557
79144b,2267
22822,1824
22784,1790
22791,1795
84782a,2560
21129,413
21066,368
16043,34
35004p,1937
21311,550
20830,239
21102,393
17001,75
85224,2947
90145,2997
84925a,2650
90214a,3036
72267,2187
21386,610
17096,94
21793,930
21822,955
90214l,3046
90214c,3038
84795a,2565
85205a,2933
47598,2130
85180a,2904
21732,881
84750b,2546
71038,2160
84976,2694
20664,133
21543,732
85045,2772
21792,929
10138,9
79323g,2284
21795,932
72801d,2230
72801c,2229
21694,849
21665,822
72803b,2238
21448,662
20763,203
79192a,2279
37475,2030
21375,599
21228,490
82001s,2298
84007,2337
82585,2319
37492d,2038
72779,2212
21948,1052
21847,975
20823,236
21472,682
21634,793
84972l,2691
85041,2769
22774,1781
72349b,2188
22775,1782
22792,1796
22772,1779
21187,452
21425,643
21925,1033
84249d,2370
21630,789
21629,788
85172,2895
20987,316
21145,424
37492b,2036
62096a,2156
84858c,2612
47503k,2090
20850,246
20802,230
77081,2255
22104,1158
85130d,2850
84682,2521
84707a,2533
85023b,2735
84824,2590
84631,2497
84637,2498
21649,807
22486,1508
22461,1486
20733,182
84842,2599
84673b,2515
84673a,2514
21030,344
21032,346
90214s,3052
16258b,73
21443,657
21893,1005
21304,547
21298,543
79342b,2293
21477,686
22608,1624
84627,2496
21366,594
16015,30
21636,795
85026b,2740
21639,798
35911a,1977
72800b,2224
20670,138
20861,252
22797,1800
84925f,2652
17084n,86
17129d,101
21455,665
84482,2417
17136a,103
72780,2213
84762c,2555
84251g,2373
79341,2292
22604,1620
85130c,2849
37483,2033
21895,1007
47562,2100
21388,611
84555a,2452
90214e,3040
85136b,2862
22805,1808
84251f,2372
84458,2407
82613c,2330
21773,914
47581b,2113
21816,949
22655,1670
21760,906
22948,1903
85179b,2903
21620,779
21012,334
84507b,2420
85230a,2951
17090d,90
85230f,2954
20936,284
17090a,89
35981c,2006
84690,2529
22394,1423
22713,1726
21256,510
21468,678
21796,933
85211,2938
21158,432
21159,433
84901,2634
85080,2801
85033g,2752
21991,1073
35980c,2005
84804b,2580
47597,2129
84621,2490
84510f,2433
85071d,2799
85071c,2798
85168a,2885
22267,1305
84452,2402
37422,2014
37423,2015
37506,2045
84623,2491
22912,1877
22960,1912
21294,542
17039,83
47592b,2124
22977,1926
20956,290
22789,1794
22853,1848
21758,904
85194l,2921
21465,675
84974,2692
20707,164
21378,602
21379,603
85230e,2953
17165d,107
79532,2295
21031,345
17164d,105
20910,276
84358,2389
85034a,2754
85167a,2883
84615,2486
84288b,2378
21418,637
21419,638
21728,877
22216,1263
22972,1921
90002d,2965
90014c,2969
90129b,2994
90129c,2995
22337,1374
10124a,4
85081,2802
79191d,2278
85114b,2829
35271s,1947
72598,2195
85230b,2952
71215,2164
72134,2182
72801e,2231
17178,108
72023f,2172
72715,2197
35972,2002
90214k,3045
72739c,2199
84846a,2603
35004g,1936
21678,834
21698,852
21676,832
71279,2166
72801g,2233
20989,317
84803a,2579
37492c,2037
51020a,2151
20968,297
21280,529
22701,1714
85170a,2891
21312,551
20693,153
22795,1798
21316,554
35240,1945
84665,2510
84313c,2383
85170d,2894
17109b,98
20804,232
20934,282
72750d,2204
84664,2509
84666,2511
21417,636
21015,336
21014,335
17084j,85
21554,742
21553,741
84748,2544
85110,2824
79336,2291
21065,367
22510,1530
84751b,2547
72133,2181
90147,2999
85039b,2765
16049,38
84770,2558
72606a,2196
72755d,2209
72755c,2208
72753b,2206
72750c,2203
72750a,2201
85044,2771
16206b,58
85088,2806
20801,229
20906,275
20896,269
82607e,2327
82587,2320
84898f,2631
20695,155
21360,589
21262,516
85168b,2886
40001,2048
20933,281
20851,247
35971,2001
21814,947
35096a,1942
90159,3002
90157,3001
21277,526
84799,2573
47310m,2073
84687,2526
21376,600
21377,601
46776b,2068
46776a,2067
21317,555
84881,2627
21759,905
20878,262
90195a,3022
90195b,3023
84977,2695
84712b,2538
72129,2177
72821,2250
21695,850
21289,538
90199c,3027
84845c,2601
85166b,2882
90209c,3034
21663,820
84600,2483
20889,265
84800l,2574
85131c,2853
35633b,1961
35603c,1957
75149n,2254
17084p,87
21666,823
72803a,2237
17012c,78
72799a,2218
21779,918
90203,3033
72225c,2185
90040b,2971
72753d,2207
72753a,2205
20735,184
84029c,2340
90014a,2968
90199b,3026
84875a,2620
84875d,2622
84869,2616
84741c,2541
35653,1966
84497,2418
16162l,47
84680,2520
21261,515
84251c,2371
85019a,2730
20888,264
90002c,2964
85091,2809
85094,2812
21617,776
84527,2440
46115b,2063
47578a,2110
21365,593
85194s,2922
79328,2290
21616,775
85135c,2860
35965,1995
84499,2419
90062,2974
79302m,2280
22973,1922
15030,11
79161a,2270
85023c,2736
22166,1216
21382,606
pads,3058
84396,2395
22915,1880
22924,1889
85039a,2764
22105,1159
21336,572
84454,2403
84616,2487
47503g,2087
20616,116
84508c,2424
20756,196
20736,185
20814,233
85230g,2955
17109a,97
17091j,93
17091b,92
16202b,56
20892,266
90112,2985
85116,2831
85039c,2766
90081a,2975
90082a,2976
84882,2628
85147,2869
72801f,2232
72487,2192
21729,878
22925,1890
90160d,3005
90160c,3004
90160b,3003
84537b,2451
20785,223
85129b,2845
21173,445
90214j,3044
35963,1993
21160,434
35973,2003
21454,664
47420,2076
84926e,2655
85146,2868
85145,2867
85188b,2918
85165,2881
82553,2312
85170b,2892
20694,154
84753a,2548
90186a,3020
90148,3000
90214h,3043
84231,2362
90214o,3049
84192,2356
21420,639
20831,240
84457,2406
84813,2583
16256c,71
72811,2242
84806b,2581
84802b,2578
84865,2615
85125,2841
90120a,2987
90122b,2991
21321,559
21734,883
90082d,2978
85190,2920
82545a,2309
21147,426
90198a,3024
90198b,3025
90175d,3012
90180a,3014
22825,1825
22773,1780
84745b,2543
21582,758
20714,168
20793,225
20849,245
85023a,2734
84859c,2614
85131b,2852
21128,412
84725,2540
84601a,2484
84402d,2396
84638,2499
17084r,88
84422,2399
17109c,99
46776c,2069
21322,560
85195,2923
84656,2500
90120b,2988
90214m,3047
35096b,1943
22829,1827
40003,2049
85185f,2913
85185c,2911
82011a,2299
37444c,2020
72796b,2217
82011c,2301
22656,1671
21264,517
79403,2294
90214f,3041
47504f,2092
47503f,2086
20991,319
85160b,2873
90058b,2973
84465,2412
90143,2996
90010e,2967
90184b,3015
84927d,2657
37444b,2019
85112,2826
20899,272
90082b,2977
90184c,3016
20697,157
35979,2004
84388,2394
84360,2390
20786,224
84247h,2366
90178a,3013
35937,1985
21686,841
85126,2842
21373,597
22783,1789
79026b,2258
90122a,2990
20621,120
84967b,2679
72812,2243
37444a,2018
84927e,2658
90214g,3042
90214b,3037
90214p,3050
90214t,3053
17129f,102
17038,82
72781,2214
17012b,77
72051s,2173
35915c,1979
90175a,3010
90010b,2966
90161c,3007
90161b,3006
90210b,3035
90124a,2992
90175c,3011
84613c,2485
79030d,2261
22921,1886
22916,1881
22918,1883
22919,1884
22920,1885
22917,1882
22802,1805
21757,903
44089c,2054
84029d,2341
84926a,2653
71143,2163
90214d,3039
90214n,3048
21654,812
90161d,3008
79534,2296
17084a,84
20994,322
22803,1806
90185b,3017
90192,3021
47563a,2101
85111,2825
90115,2986
22976,1925
90185d,3019
84709a,2536
84877a,2624
22975,1924
84875b,2621
